PlayerID,TeamID,PlayerName
600196,1115,BARNETT_HUGH
600197,1115,CALVIN_TERRANCE
600198,1115,COLLINS_STEPHAN
600199,1115,DAVIS_GEORGE
600200,1115,DOTSEY_ANTONIO
600201,1115,GLASS_TYREE
600202,1115,KENNEDY_TERRELL
600203,1115,LASKER_ANTONI
600204,1115,MARTIN_VINCENT
600205,1115,MONTGOMERY_GAVIN
600206,1115,MOORE_DOMINIC
600207,1115,OOTESEY_ANTONIO
600208,1115,OOTSEY_ANTONIO
600209,1115,PARKS_R
600210,1115,PARKS_RICKEY
600211,1115,PARKS_RICKY
600212,1115,SMITH_ALLEN
600213,1115,TEAM
600214,1115,TIDWELL_TERRY
600215,1115,TOWNSEND_SAVALACE
600216,1115,TOWNSEND_SAVALANCE
600217,1115,WASHINGTON_TAVARIS
600218,1115,WEATHERS_LEBARON
600315,1124,ACY_QUINCY
600316,1124,CARTER_TWEETY
600317,1124,CRUMP_GIVON
600318,1124,DENNIS_NOLAN
600319,1124,DUNN_LACEDARIUS
600320,1124,ELLIS_FRED
600321,1124,GRIFFIN_OSCAR
600322,1124,JEFFERSON_CORY
600323,1124,JONES_ANTHONY
600324,1124,LOMERS_JOSH
600325,1124,SEKELJA_DRAGAN
600326,1124,TEAM
600327,1124,UDOH_EKPE
600328,1124,WALTON_AJ
600512,1139,ANGLIN_ALEX
600513,1139,BUTCHER_GARRETT
600514,1139,HAHN_ZACH
600515,1139,HAYWARD_GORDON
600516,1139,HOWARD_MATT
600517,1139,JUKES_AVERY
600518,1139,KAMPEN_EMERSON
600519,1139,LEIENDECKER_GRANT
600520,1139,MACK_SHELVIN
600521,1139,NORED_RONALD
600522,1139,RODGERS_NICK
600523,1139,SMITH_ANDREW
600524,1139,STIGALL_CHASE
600525,1139,TEAM
600526,1139,VANZANT_SHAWN
600527,1139,VEASLEY_WILLIE
600528,1140,ABOUO_CHARLES
600529,1140,ANDERSON_JAMES
600530,1140,DAVIES_BRANDON
600531,1140,EMERY_JACKSON
600532,1140,FREDETTE_JIMMER
600533,1140,HARTSOCK_NOAH
600534,1140,HAWS_TYLER
600535,1140,LOYD_JR_MICHAEL
600536,1140,MAGNUSSON_LOGAN
600537,1140,MILES_CHRIS
600538,1140,MORGAN_JR_LAMONT
600539,1140,TAVERNARI_JONATHAN
600540,1140,TEAM
600541,1140,ZYLSTRA_BROCK
600573,1143,AMOKE_OMONDI
600574,1143,BAK_BAK
600575,1143,BOYKIN_JAMAL
600576,1143,CARTER_NIGEL
600577,1143,CHRISTOPHER_PATRICK
600578,1143,GUTIERREZ_JORGE
600579,1143,KNEZEVIC_NIKOLA
600580,1143,RANDLE_JEROME
600581,1143,ROBERTSON_THEO
600582,1143,SANDERS-FRI_MARKHURI
600583,1143,SANDERS-FRISON_M
600584,1143,SEELEY_DJ
600585,1143,SMITH_BRANDON
600586,1143,TEAM
600587,1143,ZHANG_MAX
600753,1155,ANDERSON_ZAVIER
600754,1155,BACIU_CATALIN
600755,1155,BAIZE_JONAH
600756,1155,BOOKER_DEVIN
600757,1155,BOOKER_TREVOR
600758,1155,GRANT_JERAI
600759,1155,HILL_DONTE
600760,1155,JENNINGS_MILTON
600761,1155,JOHNSON_NOEL
600762,1155,NARCISSE_BRYAN
600763,1155,PETRUKONIS_KAROLIS
600764,1155,POTTER_DAVID
600765,1155,SMITH_TANNER
600766,1155,STITT_DEMONTEZ
600767,1155,TEAM
600768,1155,YOUNG_ANDRE
600906,1165,ASAFO-ADJEI_MILES
600907,1165,CHEMERINSKI_EITAN
600908,1165,COURY_MARK
600909,1165,DALE_LOUIS
600910,1165,FIGINI_JOSH
600911,1165,FOOTE_JEFF
600912,1165,GRAY_JOHNATHAN
600913,1165,GROEBE_MAX
600914,1165,JAQUES_JON
600915,1165,MCMILLAN_PETER
600916,1165,OSGOOD_AARON
600917,1165,PECK_ERRICK
600918,1165,REEVES_GEOFF
600919,1165,REYNOLDS_PETE
600920,1165,TEAM
600921,1165,TYLER_ALEX
600922,1165,WILKINS_ANDRE
600923,1165,WIRE_ADAM
600924,1165,WITTMAN_RYAN
600925,1165,WROBLEWSKI_CHRIS
601160,1181,CZYZ_OLEK
601161,1181,DAVIDSON_JORDAN
601162,1181,DAWKINS_ANDRE
601163,1181,JOHNSON_STEVE
601164,1181,KELLY_RYAN
601165,1181,PETERS_CASEY
601166,1181,PLUMLEE_MASON
601167,1181,PLUMLEE_MILES
601168,1181,SCHEYER_JON
601169,1181,SINGLER_KYLE
601170,1181,SMITH_NOLAN
601171,1181,TEAM
601172,1181,THOMAS_LANCE
601173,1181,ZOUBEK_BRIAN
601292,1190,BROWN_ISIAH
601293,1190,COOLEY_SHELDON
601294,1190,DAVIS_JOCOLBY
601295,1190,EDWARDS_JORDAN
601296,1190,GRIMM_BRUCE
601297,1190,HUBBARD_TOMMY
601298,1190,JOHNSON_DESHAUD
601299,1190,JONES_JARVIS
601300,1190,PODERIS_LUKAS
601301,1190,SMITH_MIKE
601302,1190,SOLLAZZO_ADAM
601303,1190,TEAM
601304,1190,TUBBS_JUSTIN
601305,1190,WARD_JC
601306,1190,WILLIAMS_MICAH
601380,1196,BOYNTON_KENNY
601381,1196,FRICKE_HUDSON
601382,1196,KADJI_KENNY
601383,1196,MACKLIN_VERNON
601384,1196,MCCLANAHAN_KYLE
601385,1196,MURPHY_ERIK
601386,1196,PARSONS_CHANDLER
601387,1196,SHIPMAN_RAY
601388,1196,TEAM
601389,1196,TISHMAN_ROD
601390,1196,TYUS_ALEX
601391,1196,WALKER_ERVING
601392,1196,WERNER_DAN
601427,1199,ALABI_SOLOMAN
601428,1199,ALABI_SOLOMON
601429,1199,DEMERCY_JORDAN
601430,1199,DULKYS_DEIVIDAS
601431,1199,GIBSON_XAVIER
601432,1199,HOFF_BRIAN
601433,1199,JORDAN_PIERRE
601434,1199,KITCHEN_DERWIN
601435,1199,LOUCKS_LUKE
601436,1199,MOREAU_JOEY
601437,1199,REID_RYAN
601438,1199,RUTLEDGE_ANDREW
601439,1199,SHANNON_TERRANCE
601440,1199,SINGLETON_CHRIS
601441,1199,SNAER_MICHAEL
601442,1199,TEAM
601443,1199,YAWN_AJ
601555,1207,BENIMON_JERRELLE
601556,1207,CLARK_JASON
601557,1207,DOUGHERTY_RYAN
601558,1207,FREEMAN_AUSTIN
601559,1207,MESCHERIAKOV_NIKITA
601560,1207,MONROE_GREG
601561,1207,SANFORD_VEE
601562,1207,SIMS_HENRY
601563,1207,STEPKA_STEPHEN
601564,1207,TEAM
601565,1207,THOMPSON_HOLLIS
601566,1207,VAUGHN_JULIAN
601567,1207,WRIGHT_CHRIS
601596,1210,BELL_DANDRE
601597,1210,FAVORS_DERRICK
601598,1210,FOREMAN_NICK
601599,1210,JR_GLEN_RICE
601600,1210,LAWAL_GANI
601601,1210,MILLER_MAURICE
601602,1210,MILLER_MOE
601603,1210,OLIVER_BRIAN
601604,1210,PEACOCK_ZACH
601605,1210,PEACOCK_ZACHERY
601606,1210,RICE_GLEN
601607,1210,SHEEHAN_BRAD
601608,1210,SHEW_SAM
601609,1210,SHUMPERT_IMAN
601610,1210,STORRS_LANCE
601611,1210,TEAM
601612,1210,UDOFIA_MFON
601613,1211,AROP_MANGISTO
601614,1211,BOULDIN_MATT
601615,1211,FOSTER_WILL
601616,1211,GIBBS_GRANT
601617,1211,GOODSON_DEMETRI
601618,1211,GOODSON_DEMRTRI
601619,1211,GRAY_STEVEN
601620,1211,HARRIS_ELIAS
601621,1211,HART_MICHAEL
601622,1211,KONG_BOL
601623,1211,OLYNYK_KELLY
601624,1211,POLING_ANDY
601625,1211,PONTAROLO-MAAG_CHRI
601626,1211,SACRE_ROBERT
601627,1211,TEAM
601628,1211,VILARINO_GJ
601753,1222,BROUGHTON_KAHMELL
601754,1222,BROWN_ADAM
601755,1222,CLARK_BRYCE
601756,1222,COLEMAN_AUBREY
601757,1222,COLEMAN_SEAN
601758,1222,HAYWOOD_NICK
601759,1222,LEWIS_KELVIN
601760,1222,MCNEIL_MAURICE
601761,1222,NIXON_ZAMAL
601762,1222,TEAM
601763,1222,TELLIS_CORY
601764,1222,VAN_SLYKE_KIRK
601765,1222,WADE_DESMOND
601766,1222,WASHINGTON_KENDRICK
601767,1222,WILSON_JAMON
602035,1242,ALDRICH_COLE
602036,1242,BUFORD_CHASE
602037,1242,COLLINS_SHERRON
602038,1242,HENRY_CJ
602039,1242,HENRY_XAVIER
602040,1242,JOHNSON_ELIJAH
602041,1242,JUENEMANN_JORDAN
602042,1242,LITTLE_MARIO
602043,1242,MORNINGSTAR_BRADY
602044,1242,MORRIS_MARCUS
602045,1242,MORRIS_MARKIEFF
602046,1242,REED_TYREL
602047,1242,ROBINSON_THOMAS
602048,1242,TAYLOR_TYSHAWN
602049,1242,TEAHAN_CONNER
602050,1242,TEAM
602051,1242,WITHEY_JEFF
602052,1243,CLEMENTE_DENIS
602053,1243,COLON_LUIS
602054,1243,HENRIQUEZ_JORDAN
602055,1243,IRVING_MARTAVIOUS
602056,1243,JUDGE_WALLY
602057,1243,KELLY_CURTIS
602058,1243,MCGRUDER_RODNEY
602059,1243,MERRIEWETHER_CHRIS
602060,1243,OJELEYE_VICTOR
602061,1243,PULLEN_JACOB
602062,1243,RUSSELL_NICK
602063,1243,SAMUELS_JAMAR
602064,1243,SUTTON_DOMINIQUE
602065,1243,TEAM
602098,1246,BLEDSOE_ERIC
602099,1246,COUSINS_DEMARCUS
602100,1246,DODSON_DARNELL
602101,1246,HARRELLSON_JOSH
602102,1246,HARRIS_RAMON
602103,1246,HOOD_JON
602104,1246,KREBS_MARK
602105,1246,LIGGINS_DEANDRE
602106,1246,MILLER_DARIUS
602107,1246,ORTON_DANIEL
602108,1246,PATTERSON_PATRICK
602109,1246,STEVENSON_PERRY
602110,1246,TEAM
602111,1246,WALL_JOHN
602158,1250,ADAMS_JOHN
602159,1250,BUCHBERGER_DAVE
602160,1250,CARRINGTON_ZAHIR
602161,1250,GREINER_HOLDEN
602162,1250,HALL_MARQUIS
602163,1250,HAMILTON_JORDAN
602164,1250,KEEFER_ROB
602165,1250,KNUTSON_GABE
602166,1250,MANERI_JUSTIN
602167,1250,MCCOLLUM_CJ
602168,1250,OJO_MICHAEL
602169,1250,PETERS_RYAN
602170,1250,SAFSTROM_DAVID
602171,1250,SHAMIS_MATT
602172,1250,SMALL_PRENTICE
602173,1250,TEAM
602261,1257,BRICKLEY_CHRIS
602262,1257,BUCKLES_RAKEEM
602263,1257,DELK_REGINALD
602264,1257,GOODE_GEORGE
602265,1257,JENNINGS_TERRENCE
602266,1257,KNOWLES_PRESTON
602267,1257,KURIC_KYLE
602268,1257,MARRA_MIKE
602269,1257,SAMUELS_SAMARDO
602270,1257,SIVA_PEYTON
602271,1257,SMITH_JERRY
602272,1257,SOSA_EDGAR
602273,1257,STEPHAN_VANTREESE
602274,1257,SWOPSHIRE_JARED
602275,1257,TEAM
602276,1257,VAN_TREESE_STEPHAN
602385,1266,ACKER_MAURICE
602386,1266,BUTLER_JIMMY
602387,1266,BUYCKS_DWIGHT
602388,1266,CADOUGAN_JUNIOR
602389,1266,CUBILLAN_DAVID
602390,1266,FROZENA_ROBERT
602391,1266,FULCE_JOSEPH
602392,1266,HAYWARD_LAZAR
602393,1266,JOHNSON-ODOM_DARIUS
602394,1266,MAYMON_JERONNE
602395,1266,MBAO_YOUSSOUPHA
602396,1266,OTULE_CHRIS
602397,1266,TEAM
602398,1266,WILLIAMS_ERIK
602414,1268,BOWIE_ADRIAN
602415,1268,CHOI_JIN_SOO
602416,1268,GOINS_STEVE
602417,1268,GREGORY_DINO
602418,1268,HAYES_ERIC
602419,1268,LEVENT_ERSIN
602420,1268,MILBOURNE_LANDON
602421,1268,MOSLEY_SEAN
602422,1268,PADGETT_JAMES
602423,1268,PEARMAN_DAVID
602424,1268,SOO_CHOI_JIN
602425,1268,TEAM
602426,1268,TUCKER_CLIFF
602427,1268,VASQUEZ_GREIVIS
602428,1268,WILLIAMS_JORDAN
602555,1277,ALLEN_CHRIS
602556,1277,CRANDELL_JON
602557,1277,DAHLMAN_ISAIAH
602558,1277,GREEN_DRAYMOND
602559,1277,HERZOG_TOM
602560,1277,KEBLER_MIKE
602561,1277,LUCAS_KALIN
602562,1277,LUCIOUS_KORIE
602563,1277,MORGAN_RAYMAR
602564,1277,NIX_DERRICK
602565,1277,ROE_DELVON
602566,1277,SHERMAN_GARRICK
602567,1277,SIMS_DION
602568,1277,SUMMERS_DURRELL
602569,1277,TEAM
602570,1277,THORNTON_AUSTIN
602571,1278,ALLEN_BRYANT
602572,1278,BOSTICK_DEVRON
602573,1278,CARTER_PAUL
602574,1278,COBBS_JUSTIN
602575,1278,HOFFARBER_BLAKE
602576,1278,IVERSON_COLTON
602577,1278,JOHNSON_DAMIAN
602578,1278,JOSEPH_DEVOE
602579,1278,MBAKWE_TREVOR
602580,1278,NOLEN_AL
602581,1278,SAMPSON_III_RALPH
602582,1278,TEAM
602583,1278,WESTBROOK_LAWRENCE
602584,1278,WHITE_ROYCE
602585,1278,WILLIAMS_RODNEY
602617,1281,BOWERS_LAURENCE
602618,1281,DENMON_MARCUS
602619,1281,DIXON_MICHAEL
602620,1281,ENGLISH_KIM
602621,1281,MOORE_STEVE
602622,1281,PAUL_MIGUEL
602623,1281,RAMSEY_KEITH
602624,1281,SAFFORD_JUSTIN
602625,1281,STONE_TYLER
602626,1281,SUTTON_JARRETT
602627,1281,TAYLOR_ZAIRE
602628,1281,TEAM
602629,1281,TILLER_JT
602630,1281,UNDERWOOD_JOHN
602674,1285,BANNY_VASSY
602675,1285,CHERRY_WILL
602676,1285,JOHNSON_ANTHONY
602677,1285,MCGILLIS_JACK
602678,1285,NELSON_RYAN
602679,1285,QVALE_BRIAN
602680,1285,ROPER_JUSTIN
602681,1285,SELVIG_DEREK
602682,1285,STAUDACHER_RYAN
602683,1285,STOCKTON_SHAWN
602684,1285,TAYLOR_MICHAEL
602685,1285,TEAM
602686,1285,WARD_MATHIAS
602687,1285,YOUNG_RAASON
602716,1288,ALI_AMEER
602717,1288,BRASWELL_ADAM
602718,1288,DAVIS_JOE
602719,1288,DENARD_JARROD
602720,1288,FOOTE_BUFORD
602721,1288,HOLMES_REGGIE
602722,1288,JACKSON_DEWAYNE
602723,1288,JOHNSON_GENE
602724,1288,LONG_JOHN
602725,1288,SMITH_DANNY
602726,1288,SMITH_TROY
602727,1288,STOKES_RODNEY
602728,1288,TEAM
602729,1288,THOMAS_SEAN
602730,1288,THOMPSON_KEVIN
602781,1293,ASKA_IVAN
602782,1293,BURGE_JORDAN
602783,1293,CANAAN_ISAIAH
602784,1293,DANIEL_EDWARD
602785,1293,EASLEY_TONY
602786,1293,FOTSO_GEORGES
602787,1293,JENKINS_BJ
602788,1293,LONG_JEWUAN
602789,1293,MCCLAIN_JEFFERY
602790,1293,MCCLAIN_JEFFREY
602791,1293,MILES_ISACC
602792,1293,POOLE_DONTA
602793,1293,POOLE_DONTE
602794,1293,SIMMONS_PICASSO
602795,1293,TEAM
602796,1293,THOMAS_DANERO
602797,1293,WILSON_AJ
602953,1307,ADAMS_CHAD
602954,1307,BROWN_WILL
602955,1307,DENNIS_CURTIS
602956,1307,FENTON_JAMAL
602957,1307,GARTH_NATE
602958,1307,GARY_DAIRESE
602959,1307,HARDEMAN_AJ
602960,1307,HOBSON_DARINGTON
602961,1307,MARTINEZ_ROMAN
602962,1307,MCDONALD_PHILLIP
602963,1307,NELSON_KEVIN
602964,1307,STAFF_MATT
602965,1307,TEAM
602966,1308,BRITT_TRAY
602967,1308,CASTILLO_GORDO
602968,1308,DIOP_MAKHTAR
602969,1308,GIBSON_JONATHAN
602970,1308,GILLENWATER_TROY
602971,1308,GOMEZ_DASHAWN
602972,1308,LAROCHE_HERNST
602973,1308,LUMPKINS_ROBERT
602974,1308,MCKINES_WENDELL
602975,1308,MERKER_KELLY
602976,1308,NDOYE_ABDOULAYE
602977,1308,RAHMAN_HAMIDU
602978,1308,RAHMUN_HAMIDU
602979,1308,SY_BANDIA
602980,1308,SY_BANDJA
602981,1308,TEAM
602982,1308,WATSON_TYRONE
602983,1308,WEST_BJ
602984,1308,WEST_BJ_WEST
602985,1308,YOUNG_JAHMAR
603107,1317,EGENTI_JAMIE
603108,1317,GOFF_NICK
603109,1317,HOLMEN_JACOB
603110,1317,JOHNSON_DOMINIQUE
603111,1317,KNOX_BEN
603112,1317,MANGRUM_COLLIN
603113,1317,MATLOCK_ANTWONE
603114,1317,ODUFUWA_GEORGE
603115,1317,SHORTER_SHANNON
603116,1317,SPENCER_CAMERON
603117,1317,TEAM
603118,1317,THOMAS_RICHARD
603119,1317,THOMPSON_TRISTAN
603120,1317,TRAMIEL_ERIC
603121,1317,WHITE_JOSH
603122,1317,WILLIAMS_ALZEE
603154,1320,AHELEGBE_KWADZO
603155,1320,DUNHAM_KERWIN
603156,1320,EGLSEDER_JORDAN
603157,1320,FAROKHMANESH_ALI
603158,1320,HAAK_BRIAN
603159,1320,JAMES_ANTHONY
603160,1320,KOCH_ADAM
603161,1320,KOCH_JAKE
603162,1320,LUCAS_OREAR
603163,1320,MORAN_JOHNNY
603164,1320,OREAR_LUCAS
603165,1320,PEHL_AUSTIN
603166,1320,RODENBERG_ADAM
603167,1320,SONNEN_MARC
603168,1320,TEAM
603202,1323,ABROMAITIS_TIM
603203,1323,ANDREE_TIM
603204,1323,BROGHAMMER_MIKE
603205,1323,BROOKS_JOEY
603206,1323,COOLEY_JACK
603207,1323,HANSBROUGH_BEN
603208,1323,HARANGODY_LUKE
603209,1323,JACKSON_TORY
603210,1323,KOPKO_TOM
603211,1323,NASH_TYRONE
603212,1323,PEOPLES_JONATHAN
603213,1323,SCOTT_CARLETON
603214,1323,TEAM
603215,1324,BENSON_KEITH
603216,1324,CUSHINGBERRY_BLAKE
603217,1324,EACKLES_LEDRICK
603218,1324,HUDSON_WILL
603219,1324,JONES_JOHNATHON
603220,1324,KAST_JOHN
603221,1324,MAYNARD_DREW
603222,1324,MILUTINOVIC_ILIJA
603223,1324,NELSON_DERICK
603224,1324,TEAM
603225,1324,THAMES_JAY
603226,1324,VALENTINE_DREW
603227,1324,WRIGHT_LARRY
603228,1325,ADEDIPE_ADETUNJI
603229,1325,BALTIC_IVO
603230,1325,BASSETT_ARMON
603231,1325,COLEMAN_STEVEN
603232,1325,COOPER_DJ
603233,1325,FREEMAN_TOMMY
603234,1325,KEELY_REGGIE
603235,1325,KINNEY_JAMES
603236,1325,KINNEY_JAY
603237,1325,MCKINLEY_DAVID
603238,1325,SAYLES_ASOWN
603239,1325,TEAM
603240,1325,VAN_KEMPEN_KENNETH
603241,1325,WASHINGTON_DE
603242,1325,WASHINGTON_DEVAUGHN
603243,1326,BUFORD_WILLIAM
603244,1326,DAYS_EDDIE
603245,1326,DIEBLER_JON
603246,1326,HILL_PJ
603247,1326,KECMAN_NIKOLA
603248,1326,LAUDERDALE_DALLAS
603249,1326,LIGHTY_DAVID
603250,1326,MADSEN_KYLE
603251,1326,OFFUTT_WALTER
603252,1326,PETERS_DANNY
603253,1326,SARIKOPOULOS_ZISIS
603254,1326,SIMMONS_JEREMIE
603255,1326,TEAM
603256,1326,TITUS_MARK
603257,1326,TURNER_EVAN
603272,1329,ANDERSON_JAMES
603273,1329,DOWELL_REGER
603274,1329,FRANKLIN_ROGER
603275,1329,GULLEY_FRED
603276,1329,MOSES_MARSHALL
603277,1329,MUONELO_OBI
603278,1329,PAGE_KEITON
603279,1329,PAGE_KELTON
603280,1329,PENN_RAY
603281,1329,PILGRIM_MATT
603282,1329,SHAW_JARRED
603283,1329,SIDORAKIS_NICK
603284,1329,TEAM
603285,1329,THOMAS_GARRETT
603286,1329,WALKER_TORIN
603287,1330,BAZEMORE_KENT
603288,1330,CARTER_KEYON
603289,1330,COOPER_CHRIS
603290,1330,DE_LANCEY_MARQUEL
603291,1330,FINNEY_BEN
603292,1330,HASSELL_FRANK
603293,1330,HICKS_JOSH
603294,1330,ILIADIS_TRIAN
603295,1330,JAMES_DARIUS
603296,1330,LEE_GERALD
603297,1330,NEELY_MARSHAREE
603298,1330,TEAM
603299,1330,WRIGHT_NICK
603418,1338,ADAMS_CHASE
603419,1338,BROWN_GILBERT
603420,1338,DIXON_JERMAINE
603421,1338,FRYE_TIM
603422,1338,GIBBS_ASHTON
603423,1338,MCGHEE_GARY
603424,1338,MILLER_DWIGHT
603425,1338,PATTERSON_LAMAR
603426,1338,RICHARDSON_JJ
603427,1338,RIVERS_NICK
603428,1338,ROBINSON_NASIR
603429,1338,TAYLOR_DANTE
603430,1338,TEAM
603431,1338,WANAMAKER_BRAD
603432,1338,WOODALL_TRAVON
603433,1338,ZANNA_TALIB
603519,1345,ANTHROP_DRU
603520,1345,BADE_PATRICK
603521,1345,BARLOW_KELSEY
603522,1345,BYRD_DJ
603523,1345,COLEMAN_KYLE
603524,1345,DAY_BUBBA
603525,1345,GRANT_KEATON
603526,1345,HART_JOHN
603527,1345,HUMMEL_ROBBIE
603528,1345,JACKSON_LEWIS
603529,1345,JOHNSON_JAJUAN
603530,1345,KRAMER_CHRIS
603531,1345,LOVELESS_STEVIE
603532,1345,MOORE_ETWAUN
603533,1345,SMITH_RYNE
603534,1345,TEAM
603535,1345,WOHLFORD_MARK
603593,1350,ANDERSON_KEVIN
603594,1350,BENJAMIN_JONATHAN
603595,1350,BROTHERS_DARIEN
603596,1350,BROTHERS_DARRIEN
603597,1350,BUTLER_RYAN
603598,1350,DUINKER_JOSH
603599,1350,ESTES_ZAK
603600,1350,GARRETT_DARRIUS
603601,1350,GERIOT_DAN
603602,1350,GONZALVEZ_DAVID
603603,1350,HARPER_JUSTIN
603604,1350,MARTEL_FRANCIS
603605,1350,MARTEL_FRANCIS_C
603606,1350,ROBBINS_GREG
603607,1350,SMITH_CONOR
603608,1350,SMITH_KEVIN
603609,1350,TEAM
603623,1352,ABRAHAM_KARON
603624,1352,FOSTER_KHALIF
603625,1352,GREEN_DALLAS
603626,1352,JOHNSON_RUSSELL
603627,1352,JONES_VELTON
603628,1352,LANGHURST_JIMMY
603629,1352,LEWIS_TREADWELL
603630,1352,NWIGWE_MEZIE
603631,1352,PIEHL_BRAD
603632,1352,ROBINSON_ROB
603633,1352,TEAM
603634,1352,THOMPSON_LIJAH
603635,1352,WALLACE_GARY
603636,1352,WHITEHEAD_JOSIAH
603637,1352,WILLIAMS_CORON
603710,1358,ALLMOND_COREY
603711,1358,BOOTLE_ANTUAN
603712,1358,BROWN_PRESTON
603713,1358,CHARLES_TREVON
603714,1358,CLAVELL_GILBERTO
603715,1358,COOPER_MARCO
603716,1358,CROW_JOSTEN
603717,1358,MITCHELL_ASHTON
603718,1358,MURRAY_DRAE
603719,1358,MURRAY_DREA
603720,1358,PEVEHOUSE_LANCE
603721,1358,TEAM
603722,1358,THOMPSON_AARON
603723,1358,ZULU_ARTHUR
603752,1361,CARLWELL_BRIAN
603753,1361,DAVIS_KELVIN
603754,1361,DEUTCHMAN_JASON
603755,1361,GAY_DJ
603756,1361,HORTON_BRYAN
603757,1361,KNELLER_BEN
603758,1361,LEONARD_KAWHI
603759,1361,SHELLEY_TYRONE
603760,1361,SHELTON_TIM
603761,1361,TAPLEY_CHASE
603762,1361,TEAM
603763,1361,THOMAS_MALCOLM
603764,1361,WHITE_BILLY
603765,1361,WILLIAMS_ALEC
603796,1364,BREW_CHRIS
603797,1364,BREW_WILL
603798,1364,DEVENNY_LUCAS
603799,1364,JOHNSON_ORLANDO
603800,1364,JOYNER_JUSTIN
603801,1364,KAMPHOEFNER_SETH
603802,1364,MERCER_JACOB
603803,1364,NUNNALLY_JAMES
603804,1364,PASTOREK_JON
603805,1364,PETERSON_CHRISTIAN
603806,1364,PHIPPEN_SAM
603807,1364,POWELL_JAMES
603808,1364,ROEMER_PAUL
603809,1364,SERNA_JAIME
603810,1364,SOMOGYI_GREG
603811,1364,TEAM
603812,1364,WEINER_JORDAN
603928,1373,ANOSIKE_OD
603929,1373,BREEDEN_JONATHAN
603930,1373,DOWNEY_KYLE
603931,1373,FENLON_CONNER
603932,1373,FRANKLIN_ALEX
603933,1373,GRIFFIN_KYLE
603934,1373,JACKSON_CLARENCE
603935,1373,MARTENS_DAVIS
603936,1373,MOORE_RONALD
603937,1373,PRIESTLEY_STEVEN
603938,1373,ROSSITER_RYAN
603939,1373,SMITH_JUST-INLOVE
603940,1373,TEAM
603941,1373,UBILES_EDWIN
603942,1373,WIGNOT_OWEN
603943,1373,YARD_DENZEL
604150,1388,ALLEN_BEN
604151,1388,ANDERSON_TREY
604152,1388,BENSON_PHIL
604153,1388,DELLAVEDOVA_MATTHEW
604154,1388,HARRIS_TIM
604155,1388,HUNTER_WAYNE
604156,1388,LEVESQUE_BEAU
604157,1388,MCCONNELL_MICKEY
604158,1388,PAGE_JORDEN
604159,1388,SAMHAN_OMAR
604160,1388,STEINDL_CLINT
604161,1388,TEAM
604162,1388,WILLIAMS_TIM
604163,1388,YOUNG_MITCHELL
604224,1393,HOFFMAN_GRIFFIN
604225,1393,HOFFMANN_GRIFFIN
604226,1393,JACKSON_RICK
604227,1393,JARDINE_SCOOP
604228,1393,JOHNSON_WES
604229,1393,JOHNSON_WESLEY
604230,1393,JONES_MOOKIE
604231,1393,JOSEPH_KRIS
604232,1393,LYDE-CAJUSTE_MATT
604233,1393,ONUAKU_ARINZE
604234,1393,RAUTINS_ANDY
604235,1393,REESE_BRANDON
604236,1393,RESAVY_NICK
604237,1393,RILEY_DASHONTE
604238,1393,SOUTHERLAND_JAMES
604239,1393,TEAM
604240,1393,TRICHE_BRANDON
604272,1396,ALLEN_LAVOY
604273,1396,BOUCHMAN_CARMEL
604274,1396,BROOKS_RYAN
604275,1396,DELEON_RAFAEL
604276,1396,DILEO_TJ
604277,1396,ERIC_MICHAEL
604278,1396,ERIC_MICHEAL
604279,1396,FERNANDEZ_JUAN
604280,1396,GODINO_JAKE
604281,1396,GUZMAN_LUIS
604282,1396,GUZMAN_LUIZ
604283,1396,JEFFERSON_RAHIR
604284,1396,JEFFERSON_RAHLIR
604285,1396,MOORE_RAMONE
604286,1396,RANDALL_SCOOTIE
604287,1396,RANDALL_SCOTTIE
604288,1396,TEAM
604289,1396,WILLIAMS_CRAIG
604290,1396,WYATT_KHALIF
604291,1397,BONE_JOSH
604292,1397,CANNINGTON_QUINN
604293,1397,CHISM_WAYNE
604294,1397,GOINS_MELVIN
604295,1397,HALL_KENNY
604296,1397,HOPSON_SCOTTY
604297,1397,HUBERT_MICHAEL
604298,1397,MAZE_BOBBY
604299,1397,MCBEE_SKYLAR
604300,1397,P._PRINCE_J
604301,1397,PEARL_STEVEN
604302,1397,PRINCE_JP
604303,1397,SMITH_TYLER
604304,1397,TATUM_CAMERON
604305,1397,TEAM
604306,1397,WILLIAMS_BRIAN
604307,1397,WOOLRIDGE_RENALDO
604337,1400,BALBAY_DOGUS
604338,1400,BRADLEY_AVERY
604339,1400,BROWN_JCOVAN
604340,1400,CHAPMAN_CLINT
604341,1400,DICK_ANDREW
604342,1400,HAMILTON_JORDAN
604343,1400,HILL_MATT
604344,1400,JAMES_DAMION
604345,1400,JOHNSON_GARY
604346,1400,LUCAS_JAI
604347,1400,MASON_JUSTIN
604348,1400,MELCHIONNI_DEAN
604349,1400,PITTMAN_DEXTER
604350,1400,TEAM
604351,1400,WANGMENE_ALEXIS
604352,1400,WARD_VAREZ
604353,1400,WILLIAMS_SHAWN
604354,1401,ADAMS_JEREMY
604355,1401,BLASCZYK_JAMES
604356,1401,CARRELL_MARSHALL
604357,1401,CHAPMAN_CHRIS
604358,1401,DARKO_ANDREW
604359,1401,DAVIS_BRYAN
604360,1401,HARRIS_DASH
604361,1401,HIBBERT_NAJI
604362,1401,HOLMES_BJ
604363,1401,LEWIS_DERREK
604364,1401,LOUBEAU_DAVID
604365,1401,MIDDLETON_KHRIS
604366,1401,ROLAND_DERRICK
604367,1401,SCHEPEL_SHAWN
604368,1401,SLOAN_DONALD
604369,1401,TEAM
604370,1401,TURNER_RAY
604371,1401,WALKUP_NATHAN
604708,1424,BELLFIELD_OSCAR
604709,1424,HANNI_TODD
604710,1424,HAWKINS_JUSTIN
604711,1424,JASPER_DERRICK
604712,1424,JONES_STEVE
604713,1424,MARSHALL_ANTHONY
604714,1424,MARTINEZ_MYCHAL
604715,1424,MASSAMBA_BRICE
604716,1424,NORMAN_TYLER
604717,1424,SANTEE_DARRIS
604718,1424,SHAW_MATT
604719,1424,STANBACK_CHACE
604720,1424,TEAM
604721,1424,WALLACE_KENDALL
604722,1424,WILLIS_TREVON
604789,1429,BENDALL_NATE
604790,1429,FORMISANO_MATT
604791,1429,GREEN_BRIAN
604792,1429,JARDINE_BRADY
604793,1429,MEDLIN_PRESTON
604794,1429,MYAER_JAXON
604795,1429,NEWBOLD_TYLER
604796,1429,NIANG_MODOU
604797,1429,QUAYLE_JARED
604798,1429,TEAM
604799,1429,WESLEY_TAI
604800,1429,WHITE_TYRONE
604801,1429,WILLIAMS_POOH
604815,1431,BRITTEN_CLAUDE
604816,1431,CARACTER_DERRICK
604817,1431,CULPEPPER_RANDY
604818,1431,FFRENCH_BLAISE
604819,1431,GORDON_ISAAC
604820,1431,MCCULLEY_GABRIEL
604821,1431,MENSA_YAW
604822,1431,MOULTRIE_ARNETT
604823,1431,MUNOZ_ERIC
604824,1431,POLK_CHRISTIAN
604825,1431,PORTALATIN_WAYNE
604826,1431,RUPPEL_MARCUS
604827,1431,STONE_JULYAN
604828,1431,STRONG_MYRON
604829,1431,TAFOYA_TYLER
604830,1431,TEAM
604831,1431,WILLIAMS_JEREMY
604863,1435,BEAL_JERMAINE
604864,1435,DUFFY_JOE
604865,1435,EZELI_FESTUS
604866,1435,GOULBOURNE_LANCE
604867,1435,HINKLE_CHARLES
604868,1435,JENKINS_JOHN
604869,1435,MCCELLAN_DARSHAWN
604870,1435,MCCLELLAN_DARSHAWN
604871,1435,MERIWETHER_CHRIS
604872,1435,NOLL_AARON
604873,1435,OGILVY_AJ
604874,1435,SMART_JORDAN
604875,1435,TAYLOR_JEFFERY
604876,1435,TCHIENGANG_STEVE
604877,1435,TEAM
604878,1435,TINSLEY_BRAD
604879,1435,WALKER_ANDRE
604880,1436,ACCAOUI_JOEY
604881,1436,BALD_BRENDAN
604882,1436,BERGMANN_PAT
604883,1436,BLAKELY_MARQUS
604884,1436,CRENCA_BEN
604885,1436,FJELD_EVAN
604886,1436,JOSEPH_MAURICE
604887,1436,KISSEL_GARRETT
604888,1436,MARSALIS_SIMEON
604889,1436,TEAM
604890,1436,VIER_NICK
604891,1436,YOUNG_GARVEY
604892,1437,ARMWOOD_ISAIAH
604893,1437,CHEEK_DOMINIC
604894,1437,COLENDA_JASON
604895,1437,FISHER_COREY
604896,1437,KING_TAYLOR
604897,1437,PENA_ANTONIO
604898,1437,REDDING_REGGIE
604899,1437,REYNOLDS_SCOTTIE
604900,1437,STOKES_COREY
604901,1437,SUTTON_MAURICE
604902,1437,TEAM
604903,1437,WAYNS_MAALIK
604904,1437,WOOTEN_RUSSELL
604905,1437,YAROU_MOUPHTAOU
605024,1448,AMINU_AL-FAROUQ
605025,1448,BOLTON_PHAETHON
605026,1448,CLARK_GARY
605027,1448,D._WILLIAMS_L
605028,1448,FOWLER_KYLE
605029,1448,GODWIN_BROOKS
605030,1448,GOODWIN_BROOKS
605031,1448,HARRIS_CJ
605032,1448,INGLE_AARON
605033,1448,J._HARRIS_C
605034,1448,KEENAN_RYAN
605035,1448,MCDERMOTT_DENMORE
605036,1448,MCFARLAND_CHAS
605037,1448,SMITH_ISHMAEL
605038,1448,STEWART_ARI
605039,1448,TEAM
605040,1448,TUCKER_KONNER
605041,1448,WALKER_TY
605042,1448,WEAVER_DAVID
605043,1448,WILLIAMS_LD
605044,1448,WOODS_TONY
605045,1449,BRESHERS_TYREESE
605046,1449,BRYAN-AMANING_M
605047,1449,BRYAN-AMANING_MATT
605048,1449,GADDY_ABDUL
605049,1449,GANT_DARNELL
605050,1449,HOLIDAY_JUSTIN
605051,1449,OVERTON_VENOY
605052,1449,PONDEXTER_QUINCY
605053,1449,SHERRER_BRENDAN
605054,1449,SUGGS_SCOTT
605055,1449,TEAM
605056,1449,THOMAS_ISAIAH
605057,1449,TRENT_CLARENCE
605058,1449,TURNER_ELSTON
605091,1452,BRYANT_DARRYL
605092,1452,BUTLER_DASEAN
605093,1452,EBANKS_DEVIN
605094,1452,FLOWERS_JOHN
605095,1452,JENNINGS_DAN
605096,1452,JENNINGS_DANNY
605097,1452,JONES_KEVIN
605098,1452,KILICLI_DENIZ
605099,1452,LOWTHER_BRYAN
605100,1452,MAZZULLA_JOE
605101,1452,MITCHELL_CASEY
605102,1452,PAYNE_CAM
605103,1452,PEPPER_DALTON
605104,1452,SMITH_WELLINGTON
605105,1452,TEAM
605106,1452,THOROUGHMAN_CAM
605107,1452,WEST_JONNIE
605165,1457,BUECHERT_ANDY
605166,1457,BURTON_JUSTIN
605167,1457,CORBIN_CHARLES
605168,1457,DAVIS_RAY
605169,1457,DAVIS_RAYMOND
605170,1457,DEWITT_CHAD
605171,1457,DREHER_ROBBIE
605172,1457,DUNN_TAYLOR
605173,1457,GAMBLE_GIDEON
605174,1457,JONES_ANDRE
605175,1457,KING_REGGIE
605176,1457,MALCOLM_CHRIS
605177,1457,MIDDLETON_REGGIE
605178,1457,MORGAN_MATT
605179,1457,ROBINSON_MANTORIS
605180,1457,TEAM
605181,1457,VALENTINE_GEORGE
605182,1458,BERGGREN_JARED
605183,1458,BOHANNON_JASON
605184,1458,BRUESEWITZ_MIKE
605185,1458,EVANS_RYAN
605186,1458,FAHEY_DAN
605187,1458,GAVINSKI_JP
605188,1458,HUGHES_TREVON
605189,1458,JARMUSZ_TIM
605190,1458,LEUER_JON
605191,1458,MARKOLF_IAN
605192,1458,NANKIVIL_KEATON
605193,1458,SMITH_WQUINTON
605194,1458,TAYLOR_JORDAN
605195,1458,TEAM
605196,1458,VALENTYN_BRETT
605197,1458,WILSON_ROB
605198,1458,WISE_JD
605199,1459,CROWELL_DREW
605200,1459,DAHLMAN_NOAH
605201,1459,DAWSON_JASON
605202,1459,DIGGS_JAMAR
605203,1459,GILTNER_KEVIN
605204,1459,GODZINSKI_COREY
605205,1459,JOHNSON_TIM
605206,1459,LOESING_BRAD
605207,1459,MARTIN_TERRY
605208,1459,PARKER_NATHAN
605209,1459,RINKSALIS_DOMAS
605210,1459,RUNDLES_CAMERON
605211,1459,SALTERS_JUNIOR
605212,1459,STEELMAN_MATT
605213,1459,TEAM
605214,1459,TECKLENBERG_JOSEPH
605215,1459,WAGENER_TAYLOR
605244,1462,CRAWFORD_JORDAN
605245,1462,FEENEY_KEVIN
605246,1462,FREASE_KENNY
605247,1462,HOLLOWAY_TERRELL
605248,1462,HUGHES_JOE
605249,1462,JACKSON_DANTE
605250,1462,LOVE_JASON
605251,1462,LYONS_MARK
605252,1462,MAZZA_JOHNNY
605253,1462,MCLEAN_JAMEL
605254,1462,REDFORD_BRAD
605255,1462,ROBINSON_JEFF
605256,1462,TAYLOR_ANDREW
605257,1462,TEAM
605258,1462,WALSH_BRIAN
